UCSC_igenome	mm10
Fam150a	Alkal1
3110035E14Rik	Vxn
Tceb1	Eloc
Gm15386	Defb41
Linc-md1	Lincmd1
4933415F23Rik	Ppp1r14bl
4931408C20Rik	Spata31e2
Gm597	Spata31e5
4931428L18Rik	Alyreffm1
Pih1d3	Dnaaf6rt
Gm5415	Semp2l1
2010300C02Rik	Cracdl
1500015O10Rik	Ecrg4
Kdelc1	Poglut2
Sdpr	Cavin2
Tmem194b	Nemp2
9430016H08Rik	Maip1
Sgol2a	Sgo2a
Fam126b	Hycc2
Als2cr12	Flacc1
Als2cr11	C2cd6
Gpr1	Cmklr2
March4	Marchf4
1700027A15Rik	Teshl
Rqcd1	Cnot9
Ccdc108	Cfap65
Fam134a	Retreg2
A530032D15Rik	Sp140l1
C130026I21Rik	Sp140l2
Gm24148	Mir3535
1700019O17Rik	Tex44
3110079O15Rik	Snorc
Iqca	Iqca1
Fam132b	Erfe
Olfr1416	Or6b2
Olfr1415	Or6b2b
Olfr1414	Or6b3
Olfr1413	Or9s23
Olfr1412	Or9s27
Olfr1411	Or9s15
Olfr1410	Or9s14
Olfr12	Or9s13
Myeov2	Cops9
2310007B03Rik	Mab21l4
Sept2	Septin2
Gm9994	Gal3st2b
Gm6086	Gal3st2c
D1Ertd622e	Macir
2310035C23Rik	Relch
Epb4.1l5	Epb41l5
Dars	Dars1
Mfsd4	Mfsd4a
Chil1	Chi3l1
4933406M09Rik	Mgat4f
5730559C18Rik	Inava
Gm4788	Cfhr4
Trove2	Ro60
BC003331	Odr4
Fam129a	Niban1
BC026585	Cryzl2
Rfwd2	Cop1
4930469G21Rik	Tex50
7420461P10Rik	Myocos
Mettl11b	Ntmt2
BC055324	Firrm
Dusp27	Styxl2
Gm4846	Fmo13
1700084C01Rik	Ccdc190
1700015E13Rik	Spata46
Pvrl4	Nectin4
Cd244	Cd244a
Olfr16	Or10j5
Olfr1408	Or10j27
Olfr1406	Or10j7
Olfr218	Or10j3
Olfr1404	Or10j3b
Olfr418	Or10j2
BC094916	Ifi214
Pydc4	Ifi213
Pyhin1	Ifi209
Pydc3	Ifi208
AI607873	Ifi207
Mnda	Ifi211
Olfr433	Or10aa1
Olfr432	Or10aa3
Olfr430	Or6n2
Olfr429	Or6n1
Olfr427	Or6k14
Olfr231	Or6k6
Olfr424	Or6k4
Olfr421-ps1	Or6k8
Olfr420	Or6k2
Olfr419	Or10z1
Olfr417	Or10x1
Olfr248	Or10x4
Olfr414	Or6p1
Olfr220	Or6y1
1700016C15Rik	Spmip3
Adss	Adss2
Gm16432	Catspere2
Adck3	Coq8a
6330403A02Rik	Stum
9130409I23Rik	Degs1l
Ccdc121	Ccdc121rt1
Marc1	Mtarc1
Marc2	Mtarc2
Eprs	Eprs1
Mfsd7b	Flvcr1
Fam71a	Garin4
Tmem206	Pacc1
Diexf	Utp25
BC020402	Pcmt1
Gm6251	Rpl32l
4930444G20Rik	Semp2l2b
Ctgf	Ccn2
Epb4.1l2	Epb41l2
Soga3	Mtcl3
Gm3258	Supt4b
D830005E20Rik	Trdnos
Gm4794	Sult3a2
Zufsp	Zup1
Fam26d	Calhm4
Fam26e	Calhm5
Fam26f	Calhm6
Wisp3	Ccn6
2010001E11Rik	Mfsd4b2
G630090E17Rik	Mfsd4b3-ps
BC021785	Mfsd4b5
AI317395	Mfsd4b1
Lace1	Afg1l
1700021F05Rik	Mtres1
F830002L21Rik	F930017D23Rik
Aim1	Crybg1
Bves	Popdc1
C130030K03Rik	Grik2
Lilr4b	Lilrb4b
Gm4981	Duxf4
Sept10	Septin10
4632428N05Rik	Vsir
H2afy2	Macroh2a2
2010107G23Rik	Fam241b
Kif1bp	Kifbp
1700040L02Rik	Cabcoco1
Fam207a	Slx9
Gm19402	Krtap10-33
Gm10272	Krtap12-23
Gm10024	Krtap12-22
Gm10142	Krtap12-21
Gm10100	Krtap12-20
Gm3238	Krtap10-22
Gm19668	Krtap10-34
Gm2696	Krtap10-20
Gm10318	Krtap10-31
Gm3285	Krtap10-24
1810043G02Rik	Cfap410
D10Jhu81e	Gatd3a
Olfr1357	Or1i2
Ccdc105	Tektl1
Olfr1356	Or7c70
Olfr1355	Or7a39
Olfr1354	Or7a38
Olfr8	Or7a42
Olfr1353	Or7a37
Olfr1352	Or7a36
Olfr1351	Or7a35
Olfr57	Or7a41
Ppap2c	Plpp2
Theg	Spmap2
Odf3l2	Cimap1d
Lppr3	Plppr3
Hmha1	Arhgap45
Dos	Cbarp
Atp5d	Atp5f1d
1600002K03Rik	Fam174c
Mum1	Pwwp3a
4930404N11Rik	Tektip1
Aes	Tle5
Zfp781	Zfp781b
1190007I07Rik	Uqcc6
Gm9855	Tdg-ps2
D10Wsu102e	Nopchap1
A230046K03Rik	Washc4
Btbd11	Abtb3
Ccdc53	Washc3
Uhrf1bp1l	Bltp3b
Gm4301	Alyreffm4
Gm4312	Alyreffm9
Gm4307	Alyreffm8
Gm4305	Alyreffm7
Gm4303	Alyreffm6
Gm4302	Alyreffm5
4930430F08Rik	Rlig1
Gm4340	Alyreffm10
Gm20765	Alyreffm15
Gm21304	Alyreffm16
Gm8764	Alyreffm13
Gm6763	Alyreffm14
Gm21312	Alyreffm17
Gm21293	Alyreffm11
Gm5136	Brcc3dc
4933416C03Rik	Taf7l2
9530003J23Rik	Lyz3
Iltifb	Il22b
Tmevpg1	Ifngas1
BC048403	Kics2
Tmem5	Rxylt1
A130077B15Rik	Sros1
Fam19a2	Tafa2
Xrcc6bp1	Atp23
Mettl21b	Eef1akmt3
March9	Marchf9
LOC100504703	A730063M14Rik
Mars	Mars1
Ndufa4l2	Coxfa4l2
Tmem194	Nemp1
BC089597	Rdh16f2
Atp5b	Atp5f1b
Wibg	Pym1
Mettl7b	Tmt1b
Olfr9	Or10p22
Olfr763	Or10p21
Olfr765	Or6c8b
Olfr767	Or6c8
Olfr768	Or6c38
Olfr769	Or6c2b
Olfr770	Or6c201
Olfr771	Or6c202
Olfr772	Or6c203
Olfr773	Or6c204
Olfr774	Or6c5
Olfr775	Or6c205
Olfr776	Or6c206
Olfr777	Or6c207
Olfr780	Or6c68
Olfr781	Or6c35
Olfr782	Or6c6
Olfr784	Or6c208
Olfr785	Or6c5b
Olfr786	Or6c1b
Olfr787	Or6c5c
Olfr788	Or6c3
Olfr789	Or6c7
Olfr790	Or6c75
Olfr791	Or6c2
Olfr792	Or6c66b
Olfr794	Or6c88
Olfr796	Or10p1
Olfr798	Or6c66
Olfr799	Or6c209
Olfr800	Or6c210
Olfr801	Or6c211
Olfr802	Or6c1
Olfr803	Or6c3b
Olfr804	Or6c6c
Olfr805	Or6c212
Olfr806	Or6c213
Olfr807	Or6c214
Olfr808	Or6c65
Olfr809	Or6c76
Olfr810	Or6c69b
Olfr811	Or6c215
Olfr812	Or6c216
Olfr813	Or6c76b
Olfr814	Or6c70
Olfr815	Or6c217
Olfr816	Or6c69
Olfr818	Or6c219
Olfr819	Or10u4
Olfr247	Or10u3
Olfr820	Or6c33
Olfr821	Or6c74
Olfr822	Or6c69c
Olfr823	Or9r3
Olfr824	Or9r7
Olfr825	Or9k2
Olfr826	Or9k2b
Olfr827	Or9k7
Selm	Selenom
Gatsl3	Castor1
Ankrd36	Ankrd48
2210015D19Rik	Ube2d-ps
H2afv	H2az2
Gm11974	Snhg15
Gm11985	Ccdc201
4930415F15Rik	Spmip7
Wdr92	Dnaaf10
Rab1	Rab1a
Zrsr1	Zrsr2-ps1
Gm12060	Selenok-ps1
0610010F05Rik	Sanbr
Smek2	Ppp4r3b
4931440F15Rik	Fem1al
4930505A04Rik	Cimip6
Fam196b	Insyn2b
Rars	Rars1
Fam71b	Garin3
Gm12169	Timd5
BC053393	Timd6
Gm4926	Timd7-ps
Gnb2l1	Rack1
Olfr56	Or2v1
Olfr1396	Or2v2
Olfr1395	Or2t26
Olfr1394	Or2o1
Olfr1393	Or2y1g
Olfr1392	Or2y1f
Olfr10	Or2y1b
Olfr1391	Or2y1e
Olfr1390	Or2y17
Olfr1389	Or2y1d
Olfr1388	Or2y16
Olfr1387	Or2y15
Olfr1386	Or2y1c
Olfr1385	Or2y1
Olfr1384	Or2y14
Olfr1383	Or2y13
Olfr1382	Or2y12
Olfr1381	Or2y11
Olfr1380	Or2y10
3010026O09Rik	Mrnip
Olfr1378	Or1ad6
Olfr1377	Or1ad1
Olfr51	Or1ad8
Olfr54	Or1x2
Olfr1375	Or1x6
BC049762	Msantd5l
0610009B22Rik	Trappc2b
Olfr1373	Or2y8
Olfr1372-ps1	Or2y7
Olfr1371	Or2y6
Skp1a	Skp1
Sept8	Septin8
Gm12216	Carinh
4930504O13Rik	Lypd9
Olfr30	Or2z2
Olfr332	Or2av9
Olfr331	Or2t49
Olfr330	Or2t48
Olfr329-ps	Or2t29
Olfr328	Or2t47
Olfr224	Or2t43
Olfr325	Or2t46
Olfr324	Or2ab1
2210407C18Rik	Lypd8l
Olfr323	Or11l3
Olfr322	Or2w3
Olfr320	Or2ak7
Olfr319	Or2ak6
Olfr318	Or2ak5
Olfr317	Or2w3b
Olfr316	Or2ak4
Olfr315	Or2t45
Olfr314	Or2t44
Fam183b	Cfap144
Olfr313	Or5af2
Olfr312	Or5af1
Olfr311	Or9e1
Hist3h2ba	H2bc27
Hist3h2a	H2ac25
Olfr222	Or2b11
Olfr223	Or2aa1
Olfr225	Or2w25
Lrrc48	Drc3
Myo15	Myo15a
Gm1821	Ubb-ps
9130409J20Rik	Tmem238l
2310047M10Rik	Borcs6
4933402P03Rik	Spem2
0610010K14Rik	Bacc1
Fam64a	Pimreg
1200014J11Rik	Ncbp3
Gsg2	Haspin
Olfr20	Or1e1
Olfr376	Or1e1c
Olfr1	Or1e16
Olfr75-ps1	Or1e36-ps1
Olfr378	Or1e19
Olfr380	Or1e21
Olfr381	Or1e22
Olfr382	Or1e23
Olfr385	Or1e26
Olfr384	Or1e25
Olfr389	Or1e29
Olfr390	Or1e30
Olfr391-ps	Or1e31
Olfr392	Or1e32
Olfr393	Or1e33
Olfr394	Or1e34
Olfr395	Or1e35
Olfr23	Or1e17
Olfr397	Or1e1f
Olfr398	Or1r1
Olfr139	Or3a10
Olfr399	Or3a4
Olfr401	Or3a1b
Olfr402	Or3a1c
Olfr403	Or1a1
Olfr43	Or1a1b
Olfr406	Or1p1c
Olfr59	Or1p1
Olfr410	Or3a1
Olfr411	Or3a1d
Olfr412	Or1d2
E130309D14Rik	Ccdc92b
1700016K19Rik	Liat1
Fam101b	Rflnb
Fam57a	Tlcd3a
Rnmtl1	Mrm3
Tusc5	Trarg1
Ccdc55	Nsrp1
2610507B11Rik	Bltp2
BC030499	Rskr
Fam58b	Ccnq
Gm21975	Evi2
Slfn10-ps	Slfn10
AI662270	Slfnlnc
1700125H20Rik	Chct1
Sept4	Septin4
Bzrap1	Tspoap1
Olfr462	Or4d2b
Olfr463	Or4d2
Olfr464	Or4d1
1700106J16Rik	Ccdc182
Gm15698	Elobl
4932411E22Rik	Ankfn1
Hils1	H1f9
A730090H04Rik	Dlx4os
Phb	Phb1
Atp5g1	Atp5mc1
E130012A19Rik	Epop
1700001P01Rik	Spmap1
Gm12	Lrrc3c
Gm11938	Krtap2-22
Gm11937	Krtap2-21
Gm11562	Krtap2-20
Gm11563	Krtap4-25
Gm11595	Krtap4-22
Gm11596	Krtap4-23
Gm11554	Krtap4-20
Gm11569	Krtap4-21
Gm11564	Krtap4-26
2300003K06Rik	Krtap4-27
Gm11568	Krtap9-21
Gm11559	Krtap9-20
Gm11567	Krtap9-22
Gm11565	Krtap31-3
Ttc25	Odad4
Ptrf	Cavin1
Fam134c	Retreg3
G6pc	G6pc1
1700006E09Rik	Cfap97d1
BC030867	Hrob
Gm1564	Meioc
1700023F06Rik	Efcab15
Gm884	Lrrc37
March10	Marchf10
LOC100503496	Gm45916
Fam104a	Vcf1
D11Wsu47e	Mtnap1
Dnaic2	Dnai2
AF251705	Cd300c2
Gm11710	Cd300ld4
Gm11711	Cd300ld5
Cd300lh	Cd300ld3
Slc9a3r1	Nherf1
Ict1	Mrpl58
Atp5h	Atp5pd
Hn1	Jpt1
2310067B10Rik	Tmem94
Smim6	Erln
Cdk3-ps	Cdk3
Gm11744	Prcd
1810032O08Rik	Snhg16
Sept9	Septin9
BC100451	Cep295nl
Enthd2	Tepsin
1810043H04Rik	Ndufaf8
2810410L24Rik	Reno1
Fam195b	Mcrip1
Stra13	Cenpx
Hexdc	Hexd
BC017643	Cybc1
BC068281	Wdcp
Fam49a	Cyria
Fam84a	Lratd1
Pqlc3	Slc66a3
2410004P03Rik	Cimip5
Gm9866	Silc1
Tssc1	Eipr1
Fam150b	Alkal2
Sypl	Sypl1
Twistnb	Polr1f
Gm5434	Ube2frt
Ispd	Crppa
2700097O09Rik	Mettl28
1700047I17Rik2	Fam177a2
1110008L16Rik	Prorp
E030019B13Rik	Sfta3
4921506M07Rik	Ttc6
Ctage5	Mia2
Fam179b	Togaram1
Atp5s	Dmac2l
Pcnxl4	Pcnx4
1700086L19Rik	Sertad4b
Gm10451	Ppp1r36dn
Fam71d	Garin2
Mpp5	Pals1
Synj2bp-cox16	S2bpcox16
Pcnx	Pcnx1
2410016O06Rik	Riox1
Elmsan1	Mideas
Ccdc176	Bbof1
Mfsd7c	Flvcr2
0610007P14Rik	Erg28
Gm8300	Eif1ad8
BB287469	Eif1ad2
Gm4027	Eif1ad6
Gm16381	Ubl5b
Gm21319	Eif1ad19
Gm2016	Eif1ad3
Gm2022	Eif1ad4
Gm10436	Pramel51
Gm5662	Eif1ad7
Gm5039	Eif1ad15
9030617O03Rik	Dglucy
Smek1	Ppp4r3a
Tmem251	Lyset
AK010878	Gon7
Wars	Wars1
AF357355	Gm26922
A230065H16Rik	Lbhd2
Apopt1	Coa8
2010107E04Rik	Atp5mj
Adssl1	Adss1
BC022687	Clba1
4930427A07Rik	Tedc1
Wdr60	Dync2i1
1700024F13Rik	2810429I04Rik
Fam208b	Tasor2
Ero1lb	Ero1b
A530099J19Rik	Gpr141b
Olfr1370	Or2p2
Olfr263	Or2w1
Olfr1368	Or2ad1
Olfr1367	Or2b28
Olfr1366	Or1f12
Olfr1535	Or2b7
Olfr1364	Or2w2
Olfr1362	Or2w4
Olfr11	Or2b6
Olfr1361	Or2w6
Olfr1359	Or2b2
Olfr1360	Or2b2b
Hist1h2bl	H2bc13
Hist1h2ai	H2ac13
Hist1h3h	H3c10
Hist1h2bm	H2bc14
Hist1h4j	H4c11
Hist1h4k	H4c12
Hist1h2ak	H2ac15
Hist1h2bn	H2bc15
Hist1h1b	H1f5
Hist1h3i	H3c11
Hist1h2an	H2ac22
Hist1h2bp	H2bc22
Hist1h2bq	H2bc23
Hist1h2br	H2bc24
Hist1h2ao	H2ac23
Hist1h2ap	H2ac24
Hist1h4m	H4c17
Hist1h4n	H4c18
Hist1h2ah	H2ac12
Hist1h2bk	H2bc12
Hist1h4i	H4c9
Hist1h2ag	H2ac11
Hist1h2bj	H2bc11
Vmn1r207-ps	Vmn1r207
Hist1h4h	H4c8
Hist1h2af	H2ac10
Hist1h3g	H3c8
Hist1h2bh	H2bc9
Hist1h3f	H3c7
Hist1h4f	H4c6
Hist1h1d	H1f3
Hist1h3e	H3c6
Hist1h2ae	H2ac8
Hist1h2bg	H2bc8
Hist1h2bf	H2bc7
Hist1h2ad	H2ac7
Hist1h3d	H3c4
Hist1h4d	H4c4
Hist1h2be	H2bc6
Hist1h1e	H1f4
Hist1h2ac	H2ac6
Hist1h2bc	H2bc4
Hist1h1t	H1f6
Hist1h4c	H4c3
Hist1h1c	H1f2
Hist1h3c	H3c3
Hist1h2bb	H2bc3
Hist1h2ab	H2ac4
Hist1h3b	H3c2
Hist1h4b	H4c2
Hist1h4a	H4c1
Hist1h3a	H3c1
Hist1h1a	H1f1
Hist1h2ba	H2bc1
Hist1h2aa	H2ac1
Lrrc16a	Carmil1
Fam65b	Ripor2
4933417A18Rik	Tex56
1110007C09Rik	Card19
Iars	Iars1
Gm906	Spata31e3
Gm8765	Spata31e4
H2afy	Macroh2a1
4930550C17Rik	Neudnr
2210016F16Rik	Qng1
Zcchc6	Tut7
6720489N17Rik	Zfp1008
2010111I01Rik	Aopep
Aaed1	Prxl2c
1190003K10Rik	Fam240b
Hiatl1	Mfsd14b
Olfr466	Or9s18
Gm10324	Zfp997
2410141K09Rik	Zfp998
Gm10767	Ramacl
Gm10037	Krbox5
1700001L19Rik	Cfap90
Papd7	Tent4a
D630045M09Rik	Eprn
Ttc37	Skic3
Ankrd32	Slf1
Fam172a	Arb2a
C130071C03Rik	Mir9-2hg
Papd4	Tent2
Col4a3bp	Cert1
Lincenc1	Lncenc1
1700024P04Rik	H2bl1
Erbb2ip	Erbin
Fam159b	Shisal2b
4933425L06Rik	Nt5el
Ppap2a	Plpp1
Skiv2l2	Mtrex
Gm7120	Tmem267
AF067063	Tcstv7a
Tcstv1	Tcstv1a
B020031M17Rik	Tcstv5a
Gm21188	Anxa2r1
Gm20767	Tcstv2c
AF067061	Tcstv2a
BC147527	Tcstv4
LOC100861615	Gm3411
Oit1	Fam3d
4930452B06Rik	Cfap20dc
3830406C13Rik	Cep15
Olfr720	Or2t6
Olfr31	Or2t1
2700060E02Rik	Rtraf
Fut11	Pofut4
Dupd1	Dusp29
Dusp13	Dusp13a
Dusp13	Dusp13b
1700112E06Rik	Lrmda
Plac9a	Plac9
Tmem254a	Tmem254
Tmem254b	Tmem254
Duxbl3	Duxbl1
Cphx2	Cphx1
Plac9b	Plac9
Tmem254c	Tmem254
Duxbl2	Duxbl1
Fam208a	Tasor
Selk	Selenok
Tmem110	Stimate
Smim4	Uqcc5
Prrxl1	Drgx
1810011H11Rik	Tmem273
Fam35a	Shld2
Fam25c	Fam25a
Wapal	Wapl
2610528A11Rik	Gpr15lg
Fam213a	Prxl2a
Ero1l	Ero1a
1700011H14Rik	Ccdc198
3632451O06Rik	Armh4
Olfr722	Or4n5
Olfr723	Or4l1
Olfr724	Or4l15
Olfr725	Or4k15b
Olfr726	Or4k15c
Olfr727	Or4k15
Olfr728	Or4k1
Olfr729	Or4k5
Olfr730	Or4k2
Olfr731	Or4k6
Olfr732	Or4n4
Olfr733	Or4n4b
Olfr734	Or4m1
Olfr735	Or4q3
Olfr736	Or11j4
Olfr738	Or11g1
Olfr739	Or11g24
Olfr740	Or11g7
Olfr741	Or11g25
Olfr742	Or11g26
Olfr743	Or11g27
Olfr744	Or11g2
Olfr745	Or11h6
Olfr746	Or11h7
Olfr747	Or11h4b
Olfr748	Or11h23
Olfr749	Or11h4
Tmem55b	Pip4p1
Olfr750	Or6s1
Olfr221	Or5au1
Olfr1513	Or10g3b
Olfr1512	Or10g3
Olfr1511	Or10g1b
Olfr1510	Or10g1
Olfr1509	Or4e2
Olfr1508	Or4e1
Olfr1507	Or4e5
Olfr49	Or6e1
Lrrc16b	Carmil3
Cenpj	Cpap
N6amt2	Eef1akmt1
Gm10094	Sap18b
Gm6904	Phf11
Nupl1	Nup58
Fam160b2	Fhip2b
5031414D18Rik	Rubcnl
Spert	Cby2
4930564B18Rik	Erich6b
Lect1	Cnmd
Diap3	Diaph3
4921530L21Rik	Ccdc202
Irg1	Acod1
Rnf219	Obi1
Gm17066	Rbm26
LOC105245869	Sox21os1
Sepp1	Selenop
AW549877	Rimoc1
A630020A06	Gm2093
BC037032	Oxct1as
Fyb	Fyb1
2410089E03Rik	Cplane1
Ugt3a1	Ugt3a2
Ugt3a2	Ugt3a1
Tars	Tars1
Gm5803	Hnrnpa1l2-ps2
Fam134b	Retreg1
March11	Marchf11
Fam105a	Otulinl
March6	Marchf6
Fam173b	Atpsckmt
Hrsp12	Rida
Borg	Gm45924
Nov	Ccn3
Wdyhv1	Ntaq1
D15Ertd621e	Fam91a1
Trmt12	Tyw2
E430025E21Rik	Washc5
Fam84b	Lratd2
H2afy3	Macroh2a3
Fam49b	Cyrib
Lrrc6	Dnaaf11
Wisp1	Ccn4
2300005B03Rik	Slurp2
2010109I03Rik	Ly6m
Pycrl	Pycr3
Tsta3	Gfus
Gm10872	Mirt2
Cyhr1	Gm57852
Cyhr1	Zftraf1
Cyhr1	Tmem276
Tex33	Cimip4
Mkl1	Mrtfa
1700029P11Rik	Ndufb11b
Nhp2l1	Snu13
1500009C09Rik	Smim45
Sept3	Septin3
Fam109b	Pheta2
1810041L15Rik	Shisal1
Ldoc1l	Rtl6
Lincppara	Lncppara
Fam19a5	Tafa5
Selo	Selenoo
Odf3b	Cimap1b
ChkbCpt1b	Gm44502
Alg10b	Alg10
Olfr288	Or10ad1c
Olfr287	Or10ad1
Olfr286	Or10ad1b
H1fnt	H1f7
Olfr285	Or8s16
Olfr284	Or8s5
Olfr283	Or8s2
Olfr282	Or8s10
Olfr281	Or8s8
Olfr279	Or11m3
4930415O20Rik	Spmip11
1700030F18Rik	Fam186a
Mettl7a1	Tmt1a
Mettl7a3	Tmt1a3
Mettl7a2	Tmt1a2
Grasp	Tamalin
Krt83	Krt87
1700011A15Rik	Krt88
5430421N21Rik	Krt83
4732456N10Rik	Krt90
Atp5g2	Atp5mc2
Gm38436	Cistr
BC048502	Gtsf2
Spt1	Mucl2
Olfr161	Or1f19
Olfr15	Or2c1
4930451G09Rik	Dnaaf8
Sept12	Septin12
1810013L24Rik	Hapstr1
Mkl2	Mrtfb
3110001I22Rik	Bfar
2900011O08Rik	Bmerb1
Fopnl	Cep20
Efcab1	Clxn
Olfr19	Or7a40
Spag6	Spag6l
Vpreb1	Vpreb1a
Tmem191c	Tmem191
B830017H08Rik	Fam246a
Dgcr14	Ess2
Vpreb2	Vpreb1b
Gm24572	Mir3618
Sept5	Septin5
Ufd1l	Ufd1
Olfr164	Or2m12
Olfr165	Or2m13
Olfr166	Or2l13
Olfr167	Or2l5
Olfr168	Or2l13b
Olfr169	Or2aj4
Olfr170	Or2aj5
Olfr171	Or2aj6
Ece2	Eef1akmt4
Ece2	Eef1ece2
Tprg	Tprg1
Hrasls	Plaat1
Mfi2	Meltf
Tctex1d2	Dynlt2b
Gm933	Smbd1
1700021K19Rik	Rubcn
Dirc2	Slc49a4
Ccdc58	Mix23
Gm5483	Cstdc4
Gm5416	Csta3
2010005H15Rik	Csta2
BC117090	Cstdc6
BC100530	Cstdc5
Maats1	Cfap91
4930435E12Rik	Tex55
BC002163	Ndufs5-ps
Qtrtd1	Qtrt2
2610015P09Rik	Ccdc191
Gm608	Usf3
BC027231	Nepro
Gm609	Cd200l1
Gm4737	Ahcyl
Pvrl3	Nectin3
C330027C09Rik	Cip2a
5330426P16Rik	Dubr
Gm813	Ftdc1
E330017A01Rik	Ftdc2
Olfr172	Or5k1b
Olfr173	Or5k1
Olfr175-ps1	Or5k8
Olfr176	Or5k14
Olfr177	Or5k14
Olfr178	Or5k15
Olfr180	Or5k16
Olfr181	Or5k17
Olfr183	Or5h17
Olfr186	Or5h18
Olfr187	Or5h19
Olfr190	Or5h22
Olfr191	Or5h23
Olfr192	Or5h24-ps1
Olfr193	Or5h25
Olfr194	Or5ac15
Olfr195	Or5k3
Olfr196	Or5h26
Olfr198	Or5ac16
Olfr199	Or5ac17
Olfr201	Or5ac19
Olfr202	Or5ac20
Olfr203	Or5ac21
Olfr204	Or5ac22
Olfr205	Or5ac23
Olfr206	Or5ac24
Olfr209	Or5ac25
Mina	Riox2
Csnka2ip	Csnk2a2ip
Atp5j	Atp5pf
N6amt1	Hemk2
2310061N02Rik	Krtap13-22
2310034C09Rik	Krtap13-20
2310057N15Rik	Krtap13-21
Gm20741	Krtap13-24
Krtap15	Krtap15-1
Gm10229	Krtap6-3
Gm10228	Krtap6-7
1110025L11Rik	Krtap6-6
1110004E09Rik	Cfap298
4932438H23Rik	Epcip
Atp5o	Atp5po
4930563D23Rik	Fam243
Dopey2	Dop1b
Dscr3	Vps26c
Wrb	Get1
Gm9992	Unc93a2
Fgfr1op	Cep43
Qk	Qki
Park2	Prkn
Mllt4	Afdn
Gm3417	Dynlt2a3
Gm3448	Dynlt2a2
Tcte3	Dynlt2a1
9030025P20Rik	Ermardl2
Gm3435	Ermardl1
3110052M02Rik	Zfp983
2210404O09Rik	Zfp995
Gm4944	Zfp994
Ccdc64b	Bicdl2
Tceb2	Elob
1600002H07Rik	Tedc2
Slc9a3r2	Nherf2
Hn1l	Jpt2
Cramp1l	Cramp1
BC003965	Uqcc4
2810468N07Rik	Cerox1
Narfl	Ciao3
Fam173a	Antkmt
Fam195a	Mcrip2
0610011F06Rik	Mettl26
Tmem8	Pgap6
Itfg3	Fam234a
Hmga1-rs1	Hmga1b
AI413582	Smim29
D17Wsu92e	Ilrun
Uhrf1bp1	Bltp3a
4930539E08Rik	Bnip5
Rnf8-cmtr1	Gm28043
LOC102631757	Gm15318
4921501E09Rik	Phf8l
Olfr55	Or10h1b
Olfr239	Or10h1
Gm4461	Or10h5
Olfr63	Or10h28
March2	Marchf2
Gm27775	Mir6967-1
Gm27740	Mir6967-2
H2-Ke6	Hsd17b8
H2-Ea-ps	H2-Ea
BC051142	Tsbp1
Skiv2l	Skic2
Vars	Vars1
G6b	Mpig6b
Gm9573	Muc21
Dpcr1	Mucl3
Gm11127	H2-T27
C920025E04Rik	H2-T-ps
Gm7030	H2-T25
Gm8909	H2-T26
Znrd1	Polr1h
Znrd1as	Polr1has
Olfr90	Or2h2
Olfr91	Or2h1
Olfr92	Or2h2c
Olfr93	Or2h1b
Olfr94	Or2i1
Olfr95	Or10c1
Olfr96	Or11a4
Olfr97	Or1o2
Olfr98	Or1o3
Olfr99	Or1o4
Olfr101	Or12d12
Olfr102	Or12d2
Olfr103	Or12d13
Olfr107	Or1o1
Olfr108	Or1o11
Olfr109	Or12d17
Olfr110	Or5v1
Olfr111	Or5v1b
Olfr112	Or14j9
Olfr113	Or14j2
Olfr114	Or14j3
Olfr115	Or14j4
Olfr116	Or14j10
Olfr117	Or2g25
Olfr118	Or10al2
Olfr119	Or10al3
Olfr120	Or10al4
Olfr121	Or10al5
Olfr122	Or10al6
Olfr123	Or2g1
Olfr124	Or2b4
Olfr125	Or14j1
Olfr126	Or14j5
Olfr127	Or14j6
Olfr128	Or14j7
Olfr761	Or14j8
Olfr129	Or10al7
Olfr130	Or2g7
Olfr131	Or2y3
Olfr132	Or2h15
Olfr133	Or2n1b
Olfr134	Or2n1
Olfr135	Or2n1c
Olfr138	Or2n1e
Olfr137	Or2j3
Olfr136	Or2n1d
Esp6Esp5	Gm44501
Mut	Mmut
Gm7325	Mymx
2310039H08Rik	Pex39
Gltscr1l	Bicral
1700001C19Rik	Cimip3
9830107B12Rik	Trem5
A530064D06Rik	Trem4
B430306N03Rik	Treml6
Sgol1	Sgo1
Ccdc94	Yju2
Hdgfrp2	Hdgfl2
2410015M20Rik	Micos13
1700061G19Rik	Acsbg3
Wash1	Washc1
Epb4.1l3	Epb41l3
A330050F15Rik	Akain1
Trmt61b	Spdyaos
Fam179a	Togaram2
BC027072	Pcare
1700011E24Rik	Stpg4
9430020K01Rik	Jcad
Gm10125	Zeb1os1
Armc4	Odad2
1010001N08Rik	Gata6os
3110002H16Rik	Rmc1
Garem	Garem1
Zfp191	Zfp24
Epb4.1l4aos	Epb41l4aos
Epb4.1l4a	Epb41l4a
4933408B17Rik	Brd8dc
1700066B19Rik	Smim33
Tmem173	Sting1
Hars	Hars1
Gm37013	Pcdha4b
Pcdha7-g	Gm38667
Diap1	Diaph1
0610009O20Rik	Dele1
2900055J20Rik	Kctd16
Lars	Lars1
Hdhd1a	Pudp
Gramd3	Gramd2b
Tex43	Spmip10
March3	Marchf3
1700011I03Rik	Ccdc192
A730017C20Rik	Minar2
Gm4951	Iigp1c
A530050N04Rik	Lncbate10
Mir143hg	Carmn
Nars	Nars1
Slmo1	Prelid3a
Rnf165	Ark2c
8030462N17Rik	Ark2n
Atp5a1	Atp5f1a
LOC105246506	Rbfaos
Pqlc1	Slc66a2
Zadh2	Ptgr3
Fam69c	Dipk1c
Mtl5	Tesmin
Suv420h1	Kmt5b
BC021614	Gstp3
Clcf1-pold4	Gm45928
Adrbk1	Grk2
Gm960	Top6bl
1700020D05Rik	Nscme3l
Pcnxl3	Pcnx3
Sssca1	Znrd2
BC048609	Tmem262
1700123I01Rik	Majin
Tex40	Catsperz
AI846148	Spindoc
2700081O15Rik	Zfta
Pla2g16	Plaat3
Hrasls5	Plaat5
1700092M07Rik	Tex54
Ppp1r32	Saxo4
1700017D01Rik	Ms4a20
1700025F22Rik	Ms4a19
Gif	Cblif
Olfr1417	Or10v5
Olfr1418	Or10v9
Olfr1419	Or10q3
Olfr1420	Or10v1
Olfr1423	Or4d11
Olfr1424	Or4d10b
Olfr1425	Or4d10
Olfr1426	Or4d10c
Olfr1427	Or4z4
Olfr1428	Or4d6
Olfr76	Or5a1
Olfr1431	Or5an9
Olfr1432	Or5bb10
Olfr262	Or5an1c
Olfr235	Or5an11
Olfr1434	Or5an1
Olfr1436	Or5an10
Olfr1437	Or5an1b
Olfr1440	Or5an6
Olfr1441	Or5a3
Olfr1442	Or5b94
Olfr1443	Or5b95
Zfp91Cntf	Gm44505
Olfr1444	Or5b21
Olfr1445	Or5b12b
Olfr1446	Or5b96
Olfr1447	Or5b97
Olfr1448	Or5b12
Olfr1449	Or5b24
Olfr1450	Or5b98
Olfr1451	Or5b99
Olfr1453	Or5b101
Olfr1454	Or5b102
Olfr1457	Or5b104
Olfr1459	Or5b106
Olfr1461	Or5b107
Olfr1462	Or5b108
Olfr1463	Or5b109
Olfr1465	Or5b111
Olfr1466	Or5b112
Olfr1467	Or5b113
Olfr1469	Or5b3
Olfr1471	Or5b116
Olfr1472	Or5b117
Olfr1474	Or5b118
Olfr1475	Or5b119
Olfr1477	Or5b120
Olfr1480	Or5b121
Olfr1484	Or5b122
Olfr1487	Or5b123
Olfr1489	Or5b124
Olfr1490	Or10w1
Olfr1491	Or10q1b
Olfr1494	Or10q1
Olfr1495	Or10q12
Olfr1496	Or1s2
Olfr1497	Or9q2
Olfr1499	Or9i14
Olfr1500	Or9q1
Olfr1501	Or9i2
Olfr1502	Or9i1
Olfr1504	Or9i16
Olfr1505	Or9i1b
2410127L17Rik	Carnmt1
Tmem2	Cemip2
1700028P14Rik	Cfap95
Fam189a2	Entrep1
Fam122a	Pabir1
Cbwd1	Zng1
D19Bwg1357e	Pum3
4430402I18Rik	Spata6l
Ppapdc2	Plpp6
9930021J03Rik	Brd10
2700046G09Rik	Sgms1os1
Lipo1	Lipo3
1500017E21Rik	Hectd2os
March5	Marchf5
Cyp2c44	Cyp2c23
Fam178a	Slf2
Peo1	Twnk
Mgea5	Oga
9130011E15Rik	Armh3
Tmem180	Mfsd13a
2010012O05Rik	Borcs7
Usmg5	Atp5mk
Obfc1	Stn1
5830416P10Rik	Mirt1
Fam160b1	Fhip2a
1700019N19Rik	Spmip5
Gm38437	Mir3084-2
Fam45a	Dennd10
Gm7102	Mplkipl1
4930412O13Rik	Gata3os
9230102O04Rik	Gata3un
Atp5c1	Atp5f1c
Fbxo18	Fbh1
Fam188a	Mindy3
H2afb1	H2al2a
Spag6l	Spag6
4931423N10Rik	Ankrd68
Il1f8	Il36b
Il1f9	Il36g
Il1f6	Il36a
Il1f5	Il36rn
4933433C11Rik	Stpg3
Fam166a	Cimip2a
BC029214	Paxx
Gm996	Ajm1
C330006A16Rik	Tmem250
4932418E24Rik	Ccdc187
Sdccag3	Entr1
Fam69b	Dipk1b
Tmem8c	Mymk
1700007K13Rik	Pierce1
1700026L06Rik	Spaca9
1700101E01Rik	Cfap77
Wdr34	Dync2i2
D2Wsu81e	Spout1
Ccbl1	Kyat1
Fam73b	Miga2
Ppp2r4	Ptpa
Ppapdc3	Plpp7
Gm23363	Mir3154
1110008P14Rik	Bbln
Fam102a	Eeig1
1700019L03Rik	Cfap157
Fam129b	Niban2
Olfr338	Or1j10
Olfr339	Or1j11
Olfr340	Or1j12
Olfr341	Or1j13
Olfr342	Or1j14
Olfr344	Or1j15
Olfr345	Or1j16
Olfr346	Or1j17
Olfr347	Or1j18
Olfr348	Or1j19
Olfr50	Or1j21
Olfr3	Or1j1
Olfr350	Or1j4
Olfr351	Or1n1
Olfr352	Or1j20
Olfr353	Or1n1b
Olfr354	Or1n2
Olfr355	Or1l8
Olfr356	Or1ak2
Olfr357	Or1q1
Olfr358	Or12k5
Olfr360	Or12k7
Olfr361	Or12k8
Olfr362	Or1b1
Olfr365	Or1l4
Olfr366	Or1af1
Olfr367-ps	Or7c74
Olfr368	Or5c1
March7	Marchf7
Scn2a1	Scn2a
Ccdc173	Cfap210
Zak	Map3k20
Atp5g3	Atp5mc3
Lnp	Lnpk
LOC102634401	Gm14424
Ttc30b	Ift70b
Ttc30a2	Ift70a2
Ttc30a1	Ift70a1
Dfnb59	Pjvk
Ssfa2	Itprid2
2700094K13Rik	Selenoh
Olfr987	Or5ak4
Olfr988	Or5ak20
Olfr992	Or5ak22
Olfr993	Or5ak23
Olfr994	Or5ak24
Olfr995	Or5ak25
4833423E24Rik	Fads2b
Olfr996	Or5g27
Olfr998	Or5g29
Olfr1000	Or5g23
Olfr1002	Or5g25
Olfr154	Or5g26
Olfr1006	Or9g4
Olfr1008	Or8k16
Olfr1009	Or5g9
Olfr1010	Or9g10
Olfr1012	Or9g3
Olfr1013	Or9g19
Olfr1014	Or9g8
Olfr1015	Or9g4b
Olfr1016	Or9g20
Olfr1018	Or2ah1
Olfr1019	Or5ar1
Olfr1020	Or5ap2
Olfr1022	Or5m10b
Olfr1023	Or5m10
Olfr1024	Or5m12
Olfr1026	Or5m13b
Olfr1028	Or5m11
Olfr1029	Or5m11b
Olfr1030	Or5m5
Olfr1031	Or5m8
Olfr1032	Or5m3
Olfr1033	Or5m3b
Olfr1034	Or5m9
Olfr1036	Or5m9b
Olfr1037	Or8u10
Olfr1038-ps	Or8u3
Olfr1039	Or5al5
Olfr1040	Or5al6
Olfr1042	Or5al1
Olfr1043	Or5al7
Olfr1044	Or8u9
Olfr52	Or8u8
Olfr1045	Or8j3
Olfr1046	Or8k1
Olfr1047	Or8k3
Olfr1048	Or8k17
Olfr1049	Or8k18
Olfr1051	Or8k20
Olfr1052	Or5j3
Olfr1053	Or8k21
Olfr1054	Or8k22
Olfr1055	Or8k53
Olfr1056	Or8k23
Olfr1057	Or8j3b
Olfr1058	Or8k24
Olfr1061	Or8k25
Olfr1062	Or8j3c
Olfr1065	Or8k27
Olfr1066	Or8k28
Olfr228	Or8k41
Olfr1076	Or8k30
Olfr1077-ps1	Or8k31
Olfr1079	Or8k32
Olfr1080	Or8k33
Olfr1082	Or8k35
Olfr1084	Or8k37
Olfr1085	Or8k38
Olfr1086	Or5t7
Olfr1087	Or8k3b
Olfr1089	Or8k39
Olfr1090	Or8k40
Olfr1093	Or5t5
Olfr141	Or5t18
Olfr1094	Or5t9
Olfr1095	Or5t15
Olfr1097	Or8h7
Olfr1098	Or8h8
Olfr1099	Or8h9
Olfr1100	Or8h10
Olfr1101	Or5t16
Olfr1102	Or5t17
Olfr1104	Or8i2
Olfr1105	Or5be3
Olfr1106	Or5j1
Olfr1107	Or5aq1b
Olfr1109	Or5aq6
Olfr259	Or5aq7
Olfr1110	Or5aq1
Olfr1111	Or5as1
Olfr1112	Or12e1
Olfr1113	Or10ag52
Olfr1115	Or10ag53
Olfr1116	Or10ag54
Olfr1118	Or10ag56
Olfr1120	Or12e8
Olfr1121	Or12e9
Olfr1122	Or10ag57
Olfr1123	Or10ag2
Olfr1124	Or10ag58
Olfr1126	Or12e7
Olfr153	Or5w22
Olfr1128	Or5w10
Olfr1129	Or10ag59
Olfr1130	Or10ag60
Olfr1131	Or5w11
Olfr1132	Or8w1
Olfr1133	Or5w1b
Olfr1134	Or5w1
Olfr1135	Or5w12
Olfr1136	Or5w13
Olfr1137	Or5w14
Olfr1138	Or5w15
Olfr1140	Or5w16
Olfr1141	Or5w17
Olfr152	Or5i1
Olfr1143	Or5w18
Olfr1145	Or12e10
Olfr1148	Or12e13
Olfr1151	Or5w8
Olfr1152	Or5w19
Olfr1153	Or5w20
Olfr1154	Or9m1
Olfr1155	Or5d16
Olfr1156	Or5l13
Olfr1157	Or5l14
Olfr74	Or5d47
Olfr1158	Or9m2
Olfr1160	Or9m1b
Olfr1161	Or5d35
Olfr73	Or5d18
Olfr1162	Or5d14
Olfr1163	Or5d36
Olfr1164	Or5d37
Olfr1166	Or5d38
Olfr1167	Or5d39
Olfr1168	Or5d40
Olfr1170	Or5d41
Olfr1173	Or5d43
Olfr1176	Or5d46
Olfr1178	Or4p7
Olfr1179	Or4p18
Olfr1180	Or4p19
Olfr1181	Or4p20
Olfr1182	Or4p21
Olfr1183	Or4c31
Olfr1184	Or4p22
Olfr1186	Or4c100
Olfr1188	Or4c101
Olfr1189	Or4c102
Olfr1193	Or4s2b
Olfr1195	Or4c103
Olfr1196	Or4a66
Olfr1197	Or4a27
Olfr1198	Or4p23
Olfr1199	Or4c104
Olfr1200	Or4a67
Olfr1201	Or4c11b
Olfr1202	Or4c105
Olfr1205	Or4c11c
Olfr1204	Or4c106
Olfr1206	Or4c11
Olfr1208	Or4p8
Olfr1209	Or4c29
Olfr1211	Or4c15
Olfr1212	Or4c107
Olfr1213	Or4c108
Olfr1214	Or4c109
Olfr1215	Or4c110
Olfr1216	Or4c111
Olfr1217	Or4c112
Olfr1218	Or4c113
Olfr1219	Or4c114
Olfr1220	Or4c115
Olfr1221	Or4c116
Olfr1222	Or4c117
Olfr1223	Or4c118
Olfr1225	Or4c120
Olfr1226	Or4c121
Olfr1228	Or4c122
Olfr1229	Or4c15b
Olfr1230	Or4c123
Olfr1231	Or4c1
Olfr1232	Or4c124
Olfr1233	Or4c125
Olfr1234	Or4a15
Olfr1238	Or4a39
Olfr1239	Or4a2
Olfr1240	Or4a68
Olfr1241	Or4a69
Olfr1242	Or4a70
Olfr1243	Or4a71
Olfr1245	Or4a72
Olfr1246	Or4a73
Olfr1247	Or4a74
Olfr1248	Or4a75
Olfr1249	Or4a76
Olfr1250	Or4a77
Olfr1251	Or4a78
Olfr1252	Or4a79
Olfr1253	Or4a80
Olfr1254	Or4a81
Olfr1255	Or4c12b
Olfr1256	Or4a47
Olfr48	Or4c58
Olfr1257	Or4c10b
Olfr1258	Or4c10
Olfr1259	Or4c12
Olfr1260	Or4c35
Olfr1261	Or4c126
Olfr1262	Or4c127
Olfr1263	Or4c52
Olfr1264	Or4c3
Olfr1265	Or4x11
Olfr140	Or4c3d
Olfr1269	Or4x6
Olfr32	Or4b1d
Olfr1270	Or4b1
Olfr1506	Or4x15
Gm13769	Or4x18
Olfr142	Or4b13
Olfr1271	Or4b12
Olfr1272	Or4b1b
Olfr1273-ps	Or4b1c
Olfr1274-ps	Or4x13
1110051M20Rik	Cstpp1
Gyltl1b	Large2
1700029I15Rik	Frey1
4921507L20Rik	Alkbh3os1
B230118H07Rik	Iftap
4930430A15Rik	Potefam1
Olfr1275	Or4f52
Olfr1276	Or4f53
Olfr1277	Or4k35
Olfr1278	Or4f54
Olfr1279	Or4g16
Olfr1280	Or4k36
Olfr1281	Or4k37
Olfr1282	Or4k38
Olfr1283	Or4k77
Olfr1284	Or4g17
Olfr1286	Or4k40
Olfr1287	Or4k41
Olfr1288	Or4g7
Olfr1289	Or4f4b
Olfr1290	Or4k42
Olfr1294	Or4k44
Olfr1295	Or4k45
Olfr1297	Or4k47
Olfr1298	Or4k48
Olfr1299	Or4k49
Olfr1300-ps1	Or4k50
Olfr1301	Or4k51
Olfr1302	Or4k52
Olfr1303	Or4f7
Olfr1305	Or4f56
Olfr1306	Or4f14
Olfr1307	Or4f14b
Olfr1308	Or4f57
Olfr1309	Or4f15
Olfr1310	Or4f6
Olfr1311	Or4f58
Olfr1312	Or4f59
Olfr1313	Or4f60
Olfr1314	Or4f61
Olfr1316	Or4f14d
Olfr1317	Or4f47
Olfr1318	Or4f62
A530058N18Rik	Gjd2os
C130080G10Rik	Actc1dt
BC052040	Cdin1
A430105I19Rik	Ccdc9b
Casc5	Knl1
1700020I14Rik	Oip5os1
Epb4.2	Epb42
Casc4	Golm2
4933406J08Rik	Terb2
Gm14085	Slc28a2b
Spata5l1	Afg2b
AA467197	Coxfa4l3
Sqrdl	Sqor
Gm14005	Morrbid
4932416H05Rik	Stk35os1
4930402H24Rik	Dnaaf9
1700037H04Rik	Adissp
1110034G24Rik	Shld1
Pak7	Pak5
Csrp2bp	Kat14
Gm38402	Zfp133-ps
Gm561	Smim26
AI646519	Pax1dt
8030411F24Rik	Cstdc1
9230104L09Rik	Cstdc2
Cst10	Cst5
Gm14139	Zfp1004
Gm14124	Zfp1005
2900097C17Rik	Norad
Epb4.1l1	Epb41l1
1110008F13Rik	Rab5if
Soga1	Mtcl2
Wisp2	Ccn5
Svs2	Semg1
1500012F01Rik	Zfas1
Tmem189	Peds1
Fam65c	Ripor3
Dpm1-adnp	Gm20716
Rtfdc1	Rtf2
1700021F07Rik	Cimip1
Nespas	Gnasas1
Atp5e	Atp5f1e
Slmo2	Prelid3b
0610010B08Rik	Gm2026
Gm14440	Zfp1009
Gm14431	Zfp967
Gm8898	Zfp966
Gm8923	Zfp965
Gm14436	Zfp973
Gm6182	2210418O10Rik
Gm14420	Zfp970
Gm14327	Zfp1003
C330013J21Rik	Zfp972
Etohi1	Zfp971
Taf4a	Taf4
Gm6307	Mir1a-1hg
BC051628	Fndc11
Znf512b	Zfp512b
Gm9833	Myef2l
1810022K09Rik	Rbis
Gm9733	Sirpd
LOC100038947	Sirpb1c
2610100L16Rik	Mir124-2hg
Gyg	Gyg1
Ccdc144b	Gm57858
D3Ertd254e	Zfp267
Gm11549	Smim43
4932438A13Rik	Bltp1
Spata5	Afg2a
3110057O12Rik	Abhd18
1700034I23Rik	Fundc2b
Ccrn4l	Noct
Lhfp	Lhfpl6
Spg20	Spart
Selt	Selenot
Gm5538	Aadacl2fm2
Gm8298	Aadacl2fm3
C130079G13Rik	Aadacl2fm1
Gm21949	Iqschfp
Gm17359	Spmip2
Fam198b	Gask1b
Gucy1b3	Gucy1b1
Gucy1a3	Gucy1a1
D930015E06Rik	Tmem131l
Dear1	Fbxw7as1
Fam160a1	Fhip1a
Rnu73b	Snord73b
Kirrel	Kirrel1
Fcrls	Fcrl2
Rrnad1	Mettl25b
Apoa1bp	Naxe
2810403A07Rik	Khdc4
Clk2-scamp3	Gm45927
Fam189b	Entrep3
Gba	Gba1
1700094D03Rik	Cfap141
9130204L05Rik	S100a7l2
Lor	Loricrin
2310050C09Rik	Kplce
Gm4858	Tdpoz8
Gm10697	Tdpoz7
Gm9125	Tdpoz9
Gm10696	Spopfm2
Prune	Prune1
Fam63a	Mindy1
4930558C23Rik	Ctxnd2
Hist2h2ab	H2ac21
Hist2h2ac	H2ac20
Hist2h2be	H2bc21
Hist2h3c2	H3c15
Hist2h3c1	H3c14
Hist2h2aa1	H2ac18
Hist2h2aa2	H2ac19
Hist2h4	H4c14
Hist2h3b	H3c13
Hist2h2bb	H2bc18
Hfe2	Hjv
Olfr1402	Or13l2
Gm10681	Hsd3b8
Fam46c	Tent5c
Fam19a3	Tafa3
Fam212b	Inka2
Atp5f1	Atp5pb
Pifo	Cimap3
Olfr266	Or11i1
Sars	Sars1
5330417C22Rik	Elapor1
1700013F07Rik	Cfap276
Fam102b	Eeig2
Hiat1	Mfsd14a
Lppr4	Plppr4
Lppr5	Plppr5
Tmem56	Tlcd4
1810037I17Rik	Arln
LOC100862268	Gm16958
5730508B09Rik	Fam241a
Gm5712	Pou5f1-rs4
Ccdc109b	Mcub
Gm5549	Gimd1
H2afz	H2az1
Ccbl2	Kyat3
Sep15	Selenof
Cyr61	Ccn1
Wdr63	Dnai3
4930503B20Rik	Samd13
Fam73a	Miga1
Impad1	Bpnt2
2610301B20Rik	Cfap418
1110037F02Rik	Virma
Fam92a	Cibar1
Tmem55a	Pip4p2
A530072M11Rik	Parail
Pnky	Lncpnky
1700003M02Rik	Cfap206
3110043O21Rik	C9orf72
Ddx58	Rigi
Toporsos	Smim27
AI464131	Myorg
1110017D15Rik	Spmip6
Dnaic1	Dnai1
Gm13304	Ccl21f
Gm13306	Ccl27al
Fam205a1	Spata31f1a
Fam205c	Spata31f3
1700022I11Rik	Spata31g1
Fam214b	Atosb
Fam166b	Cimip2b
Olfr70	Or13e8
Olfr71	Or13j1
Olfr159	Or13c7d
Olfr29-ps1	Or13c7e
Olfr156	Or13c7b
Olfr157	Or13c7c
Olfr155	Or13c7
5830415F09Rik	Trmo
Murc	Cavin4
Lppr1	Plppr1
Tmem246	Pgap4
Olfr275	Or13f5
Olfr273	Or13c3
Olfr272	Or13c25
Olfr270	Or13d1
AI427809	Mexis
Ikbkap	Elp1
Fam206a	Abitram
Epb4.1l4b	Epb41l4b
Palm2	Pakap
Akap2	Pakap
Olfr267	Or2k2
AI314180	Ecpas
LOC100048884	Mup18
6330416G13Rik	Tmem268
Gm11213	Tex53
1700018C11Rik	Tex48
Gm11487	Msantd5f6
Gm11236	Msantd5f5
LOC100862015	Msantd5f4
Gm11237	Gm38423
LOC101055863	Msantd5f2
LOC100502896	Msantd5f3
Gm428	Msantd5f1
Gm13871	Msantd5f10
Gm11758	Msantd5f7
Gm11757	Msantd5f8
Tmem261	Dmac1
C87499	Pramel32
Gm12603	Wincr1
Gm12657	H3f5
Inadl	Patj
Pgm2	Pgm1
B020004J07Rik	Pramel17
Gm12794	Pramel19
Gm12789	Prame62
Tctex1d1	Dynlt5
Wdr78	Dnai4
1700024P16Rik	Fyb2
Ppap2b	Plpp3
BC055111	Cimap2
Hspb11	Ift25
0610037L13Rik	Czib
Fam159a	Shisal2a
Zcchc11	Tut4
Nrd1	Nrdc
1700042G07Rik	P3r3urf
Tctex1d4	Dynlt4
Gm1661	Armh1
Olfr62	Or13p10
Olfr1342	Or13p4
Olfr1341	Or13p3
Olfr1340	Or13p8
Olfr1339	Or13p5
Olfr1338	Or10ak14
Olfr1337	Or10ak13
Olfr1335	Or10ak12
Olfr1333	Or10ak11
Olfr1331	Or10ak9
Olfr1330	Or10ak16
Olfr1329	Or10ak8
Olfr1328	Or10ak7
Ccdc23	Svbp
4930538K18Rik	Tmem269
AA415398	Frg2f1
Ctps	Ctps1
D830031N03Rik	Macf1
Utp11l	Utp11
9930104L06Rik	Airim
Adprhl2	Adprs
Gm12942	Tmem35b
Yars	Yars1
C77080	Nhsl3
Gm853	Ldc1
Epb4.1	Epb41
Atpif1	Atp5if1
Fam46b	Tent5b
Aim1l	Crybg2
Gm7534	Zpld2
E130218I03Rik	Zfp593os
Grrp1	Fam110d
Sepn1	Selenon
Tmem57	Maco1
Tceb3	Eloa
4930549C01Rik	Tex46
Minos1	Micos10
Pqlc2	Slc66a1
Rsg1	Cplane2
Gm694	Srarp
Pramef8	Pramel12
BC080695	Pramel20
Gm13083	Pramel21
Gm13088	Pramel22
Gm13078	Pramel24
Gm13023	Pramel25
Gm13084	Pramel26
Gm13103	Pramel27
Pramef6	Pramel11
Pramef25	Pramel16
Pramef17	Pramel14
Gm13102	Pramel61
C87977	Pramel29
Gm13128	Pramel30
Gm13119	Pramel31
Gm13125	Pramel15
Pramef12	Pramel13
1700012P22Rik	Cfap107
9430007A20Rik	Aadacl4fm1
Gm13124	Aadacl4fm2
Gm13177	Aadacl4
Gm436	Aadacl4fm4
Gm13178	AAdacl4fm3
Gm438	Aadacl4fm5
Gm13212	Zfp268
Gm13242	Zfp980
Gm13139	Zfp991
Gm13051	Zfp987
Gm13251	Zfp992
Gm13247	Zfp981
Gm13152	Zfp982
Gm13154	Zfp985
2610305D13Rik	Zfp979
Gm13157	Zfp984
Ptchd2	Disp3
Gm572	Ciroz
Apitd1	Cenps
Wdr8	Wrap73
Tprgl	Tprg1l
Fam213b	Prxl2b
B930041F14Rik	Fndc10
Tmem88b	Tmem278
Cpsf3l	Ints11
Fam132a	C1qtnf12
Gm10560	Gm16008
Vmn2r-ps159	Vmn2r129
Fam205a2	Spata31f1b
Gm13308	Gm21953
Gm13305	Il11ra3
Gm21541	Ccl21d
Gm10591	Ccl21e
1700015F17Rik	Pttg1ip2
4921511H03Rik	Tex47
9330182L06Rik	Elapor2
Gm5861	Speer1e
Speer1	Speer1a
Gm6460	Speer1h
4933402N22Rik	Speer1m
Speer4e	Speer4e1
Gm10354	Speer4e2
4930572O03Rik	Speer4c2
Speer4c	Speer4c1
Fam126a	Hycc1
Nupl2	Nup42
4931409K22Rik	Iqca1l
Gm21671	Speer4a3
Speer4a	Speer4a1
Gm10471	Speer4a2
Gareml	Garem2
Ept1	Selenoi
1700001C02Rik	Cimip2c
4930548H24Rik	Ccdc121
Bre	Babam2
Whsc1	Nsd2
Gm1673	Nicol1
Gm3414	Lcorl
Adgra2	Adgra3
0610040J01Rik	Pgcka1
Pgm1	Pgm2
Gm5868	Slc10a4-ps
Gm7271	Exoc1l
C530008M17Rik	Cracd
Thegl	Spmap2l
BC037156	Fdcsp
Gm7714	Smr2l
5830473C10Rik	Albfm1
Gm1045	Odaph
Sept11	Septin11
C87414	Pramel34
BC061212	Pramel37
A430089I19Rik	Pramel39-ps
AA792892	Pramel52-ps
Gm3139	Pramel42
Gm6367	Pramel59
Gm16513	Pramel60
Gm3259	Pramel47
D5Ertd577e	Pramel48
Gm3286	Pramel57
Gm7978	Pramel50
E330014E10Rik	Pramel55
1700007G11Rik	Cfap299
Fam175a	Abraxas1
Agpat9	Gpat3
Gm17660	Scpppq1
BC005561	Thoc2l
A830010M20Rik	Btbd8
Fam69a	Dipk1a
Atp5k	Atp5me
Mfsd7a	Slc49a3
Gm29766	Fbrsl1
Gm6583	Ccdc121rt3
Gm6588	Ccdc121rt2
Adrbk2	Grk3
Tmem211	Lhfpl7
Gcn1l1	Gcn1
Ccdc64	Bicdl1
2410131K14Rik	Spring1
AW549542	Tbx3os1
Ccdc42b	Cfap73
Gm15800	Hectd4
Fam109a	Pheta1
2810006K23Rik	Mtrfr
Setd8	Kmt5a
Fam101a	Rflna
5930412G12Rik	Fzd10os
Sept14	Septin14
Gbas	Nipsnap2
Nupr1l	Nupr2
Wbscr17	Galnt17
Gatsl2	Castor2
Wbscr16	Rcc1l
Wbscr28	Tmem270
Wbscr27	Mettl27
Wbscr22	Bud23
Tsc22d4	Gm57848
BC037034	Trappc14
Gm5294	Foxl3
3110082I17Rik	Chlsn
D830046C22Rik	Gpr146
Ftsj2	Mrm2
E130309D02Rik	Ints15
Dmr	Dmrt1i
Atp5j2	Atp5mf
2210019I11Rik	Plut
5730422E09Rik	Mm2pr
Ccdc132	Vps50
Shfm1	Sem1
Ndufa4	Coxfa4
B630005N14Rik	Samtor
Fam71f2	Garin1a
Fam71f1	Garin1b
Gm9047	Spmip1
Lincpint	Lncpint
Akr1b3	Akr1b1
3110062M04Rik	Cyren
2010107G12Rik	Slc23a4
1810058I24Rik	Stmp1
Ttc26	Ift56
1110001J03Rik	Fmc1
E330009J07Rik	Dennd11
Olfr461	Or9a7
Olfr460	Or9a4
1700074P13Rik	Prss59
2210010C04Rik	Prss3b
Gm5771	Prss1l
Gm10334	Prss3l
1700034O15Rik	Llcfc1
Olfr459	Or9a2
Olfr458	Or2r11
Olfr457	Or2r3
Olfr456	Or2r2
Olfr455	Or10ac1
Olfr453	Or2f1
Olfr38	Or2f1b
Olfr452	Or2f2
Olfr450	Or2q1
Olfr448	Or2a5
Olfr447	Or2a25
Olfr446	Or2a12
Olfr444	Or2a56
Olfr441	Or2a54
Olfr237-ps1	Or2a14
Olfr437	Or2a52
Olfr13	Or2a7
Olfr435	Or2a51
Olfr434	Or2a20
Olfr47	Or2a57
1600015I10Rik	Aoc1l2
Doxl2	Aoc1l1
Svs1	Aoc1l3
Mpp6	Pals2
Dfna5	Gsdme
4921507P07Rik	Spmip4
5730457N03Rik	Evx1os
9430076C15Rik	Creb5
Gars	Gars1
Fam188b	Mindy4
Ccdc129	Itprid1
C130060K24Rik	Qrfprl
Tex37	Spmip9
4931417E11Rik	Jkampl
Gm20594	Mtrnr2l7
Gm4477	Nat8f7
Cml3	Nat8f3
Gm11128	Nat8f6
Cml5	Nat8f5
Cml2	Nat8f2
1700019G17Rik	Nat8f4
Cml1	Nat8f1
1810020O05Rik	Cfap92
H1fx	H1f10
Ccdc37	Cfap100
Fam19a1	Tafa1
1700123L14Rik	Nup50l
Fam19a4	Tafa4
Gm765	Mdfic2
H1foo	H1f8
Fam21	Washc2
March8	Marchf8
Olfr211	Or13a1
Olfr212	Or6d12
Olfr213	Or6d13
Olfr214	Or6d14
Olfr215	Or6d15
8430408G22Rik	Depp1
Cecr6	Tmem121b
Cecr5	Hdhd5
Gm10319	Mug7-ps
Mug-ps1	Mug3-ps
4933413G19Rik	Tex52
Pzp	Pzp2
BC048546	A2ml1
4922502D21Rik	Clec2m
Gm156	Klrh1
Prb1	Prb1a
Prpmp5	Prb1b
Gm8882	Prb1c
Loh12cr1	Borcs5
1190002F15Rik	Lockd
8430419L09Rik	Fam234b
Gm8994	Eif4a3l1
E330021D16Rik	Ube2q2l
Hist4h4	H4c16
H2afj	H2aj
Gm6614	Slco1a8
Gm766	Sult6b2
Lrmp	Irag2
Casc1	Dnai7
Lyrm5	Etfrf1
Ifltd1	Lmntd1
Asun	Ints13
Arntl2	Bmal2
Fam60a	Sinhcaf
Mettl20	Etfbkmt
2810474O19Rik	Resf1
Gm23450	Mir935
Gm14548	Pira12
Suv420h2	Kmt5c
Fam71e2	Garin5b
Gm5065	Lgalsl2
Gm6792	Eddm13
Gm16532	Smim17
Olfr1344	Or2bd2
Olfr1336	Or6z3
Olfr1346	Or6z5
Olfr5	Or6z7
Olfr1347	Or6z6
Olfr1348	Or6z1
Olfr1349	Or10am5
Olfr1350	Or5bw2
Clcn4-2	Clcn4
2810047C21Rik1	Gm45351
6330408A02Rik	Zswim9
Sepw1	Selenow
Gltscr2	Nop53
Gltscr1	Bicra
Pnmal2	Pnma8b
Pnmal1	Pnma8a
Cd3eap	Polr1g
Apoc4-apoc2	Apoc2l
Pvrl2	Nectin2
Gm10666	Vmn1r250
Gm8653	Vmn1r251
Gm8453	Vmn1r252
Gm4133	Vmn1r243
Gm5728	Vmn1r244
Gm8677	Vmn1r255
Gm4175	Vmn1r247
Gm4216	Vmn1r259
Gm4177	Vmn1r248
Gm8720	Vmn1r260
Gm16442	Vmn1r240
Gm6164	Vmn1r241
Gm4498	Vmn1r242
Gm4187	Vmn1r253
Gm8660	Vmn1r254
Gm5726	Vmn1r245
Gm4201	Vmn1r256
Gm4141	Vmn1r246
Gm8693	Vmn1r257
Gm4214	Vmn1r258
Gm5725	Vmn1r249
Irgc1	Irgc
BC049730	Lypd10
Gm4763	Lypd11
Atp5sl	Dmac2
BC024978	Actmap
Adck4	Coq8b
C030039L03Rik	Zfp607b
Zfp607	Zfp607a
1700049G17Rik	Zfp974
9530053A07Rik	Fcgbpl1
BC089491	Selenov
Papl	Acp7
Gm6537	Ccer2
Gm38670	Mir9769
4931406P16Rik	Garre1
9830147E19Rik	Zfp976
Gm5595	Zfp975
Gm9268	Vmn2r-ps158
4931406B18Rik	Siglecl2
Zfp658	Zfp175
Acpt	Acp4
Fam71e1	Garin5a
Nup62-il4i1	Il4i1b
Ccdc155	Kash5
1700039E15Rik	Slc6a21
Ccdc114	Odad1
Munc	Muncr
C86187	Misfadt
Gm9999	Misfa
1700015G11Rik	Ccdc179
Snord116	Gm26504
Fam189a1	Entrep2
Ndnl2	Nsmce3
Tarsl2	Tars3
Vimp	Selenos
Lins	Lins1
Gm16157	Altre
LOC100505025	4930429H19Rik
1810026B05Rik	Chaserr
AI854517	Mir9-3hg
Fam103a1	Ramac
Hdgfrp3	Hdgfl3
Eftud1	Efl1
1700026D08Rik	Cfap161
Mesdc1	Tlnrd1
Mesdc2	Mesd
Olfr291	Or5ae2
Olfr290	Or5ae1
Olfr310	Or14c46
Olfr309	Or13g1
Olfr308	Or6f1
Olfr307	Or14a260
Olfr305	Or14a259
Olfr304	Or14a258
Olfr303	Or6aa1
Olfr301	Or14c44
Olfr299	Or14c43
Olfr298	Or14a257
Olfr297	Or14c45
Olfr295	Or14c41
Olfr294	Or14a256
Olfr293	Or14c40
Olfr292	Or14c39
l7Rn6	Hikeshi
2210018M11Rik	Emsy
Prkrir	Thap12
Gm4980	Tpbgl
Olfr520	Or2at4
Olfr521	Or2at1
Art2a-ps	Art2a
Olfr543	Or55b3
Olfr544	Or55b4
Olfr545	Or55b10
Olfr547	Or52b4
Olfr549	Or52b3
Olfr550	Or51r1
Olfr551	Or52p2
Olfr552	Or52k2
Olfr553	Or52m2
Olfr554	Or52m1
Olfr555	Or51h1
Olfr556	Or52i2
Olfr557	Or51d1
Olfr558	Or51e1
Olfr33	Or51a39
Olfr559	Or51a25
Olfr78	Or51e2
Olfr560	Or51f23b
Olfr561	Or51f5
Olfr564	Or51f23
Olfr566	Or51f1
Olfr568	Or51f2
Olfr569	Or52r1
Olfr570	Or51a8
Olfr571	Or51s1
Olfr572	Or51h5
Olfr574	Or51t4
Olfr575	Or51a6
Olfr576	Or51a7
Olfr577	Or51g2
Olfr578	Or51g1
Olfr582	Or52r1b
Olfr583	Or51f1d
Olfr584	Or52r1c
Olfr585	Or51f1e
Olfr586	Or51a5
Olfr589	Or52e2
Olfr591	Or52s1b
Olfr592	Or52j3
Olfr593	Or52s1
Olfr594	Or52e3
Olfr596	Or52e19
Olfr597	Or52ab2
Olfr598	Or52ab7
Olfr599	Or52ab4
Olfr600	Or52ad1
Olfr601	Or52s19
Olfr603	Or52e19b
Olfr605	Or52s6
Olfr606	Or51l14
Olfr608	Or52ae7
Olfr609	Or51af1
Olfr610	Or51ag1
Olfr611	Or51aa5
Olfr612	Or51aa2
Olfr613	Or51ab3
Olfr615	Or51ah3
Olfr616	Or51ac3
Olfr617	Or52z12
Olfr618	Or52z13
Olfr619	Or52z14
Olfr620	Or51v14
Olfr622	Or52a33
Olfr623	Or51b6b
Olfr624	Or51v8
Olfr243	Or52a20
Olfr628	Or52a24
Olfr629	Or52ae9
Olfr630	Or51l4
Olfr69	Or52a5b
Olfr68	Or52a5
Olfr67	Or52z1
Olfr66	Or51b4
Olfr64	Or51b17
Olfr65	Or51b6
Olfr631	Or51m1
Olfr632	Or51ai2
Olfr633	Or51k2
Olfr635	Or51q1
Olfr638	Or51q1c
Olfr639	Or51k1
Olfr640	Or51i1
Olfr641	Or51i2
Olfr642	Or51a10
Olfr643	Or51a42
Olfr644	Or51a43
Olfr645	Or51a24
Olfr646	Or52d1
4931431F19Rik	Ubqln5
E030002O03Rik	Olfm5
Olfr648	Or52h1
Olfr649	Or52h2
Olfr651	Or52h9
Olfr652	Or52h7
Olfr653	Or52d3
Olfr654	Or52u1
Olfr655	Or52ac1
Olfr656	Or52p1
Olfr657	Or56b1
Olfr658	Or52n4
Olfr659	Or52n20
Olfr661	Or56b2
Olfr663	Or56b2j
Olfr665	Or52n3
Olfr666	Or52n2
Olfr667	Or52n2b
Olfr668	Or52n2c
Olfr669	Or52n5
Olfr670	Or52e18
Olfr671	Or52e8
Olfr672	Or52e15
Olfr675	Or52e8b
Olfr676	Or52e7
Olfr677	Or52e4
Olfr678	Or52e5
Olfr679	Or56a3
Olfr681	Or56a3b
Olfr683	Or56a5
Olfr684	Or56a4
Olfr685	Or52l1
Olfr686	Or52x1
Olfr688	Or56b34
Olfr689	Or56b35
Olfr690	Or52b1
Olfr691	Or52b2
Olfr692	Or52w1
Fam160a2	Fhip1b
Prkcdbp	Cavin3
Gm4070	Gvin2
Gm17757	Gvin-ps2
Gm8979	Gvin-ps3
Gm18853	Gvin-ps4
Gm8989	Gvin-ps5
Gm4759	Gvin-ps6
Gm1966	Gvin3
Olfr693	Or2ag12
Olfr694	Or2ag1b
Olfr695	Or2ag13
Olfr697	Or2ag15
Olfr698	Or2ag16
Olfr699	Or2ag17
Olfr700	Or2ag18
Olfr701	Or2ag2b
Olfr702	Or13n4
Olfr703	Or2ag19
Olfr704	Or2ag20
Olfr705	Or2ag1
Olfr706	Or2ag2
Olfr707	Or2d3
Olfr1532-ps1	Or2d3b
Olfr710	Or2d4
Olfr6	Or6b9
Olfr711	Or6b6
Olfr2	Or6a2
Olfr713	Or10a5
Olfr714	Or10a2
Olfr17	Or10a4
Gm10081	Or2d2b
Olfr715	Or2d2
Olfr716	Or2d36
Olfr467	Or5p5
Olfr469	Or5p50
Olfr470	Or5p51
Olfr472	Or5p52
Olfr473	Or5p53
Olfr474	Or5p54
Olfr476	Or5p55
Olfr477	Or5p56
Olfr478	Or5p6
Olfr479	Or10ab4
Olfr480	Or5p57
Olfr481	Or5p4
Olfr482	Or5p58
Olfr483	Or5p59
Olfr484	Or5p60
Olfr485	Or5p61
Olfr486	Or5p62
Olfr487	Or5p63
Olfr488	Or5p64
Olfr490	Or5p66
Olfr491	Or5p1
Olfr492	Or5p67
Olfr493	Or5p68
Olfr494	Or5p69
Olfr495	Or5p70
Olfr497	Or5p72
Olfr498	Or5p73
Olfr502	Or5p76
Olfr503	Or52n4b
Olfr504	Or56b1b
Olfr506	Or5p78
Olfr507	Or5p79
Olfr508	Or5p80
Olfr509	Or10ab5
Olfr510	Or5p81
Olfr512	Or10a3m
Olfr513	Or5e1
Olfr514	Or10a48
Olfr516	Or10a3b
Olfr517	Or10a49
Olfr518	Or10a3
Olfr519	Or10a3n
St5	Dennd2b
Mrvi1	Irag1
1700012D14Rik	Zbed5-ps
Arntl	Bmal1
9030624J02Rik	Vps35l
2610020H08Rik	Rexo5
Tmem159	Ldaf1
BC030336	Mosmo
4933427G17Rik	Mfsd13b
D430042O09Rik	Katnip
Ccdc101	Sgf29
Fam57b	Tlcd3b
Sept1	Septin1
9130019O22Rik	Zfp747l1
E430018J23Rik	Zfp764l1
Gm166	Cfap119
9130023H24Rik	Zfp696
BC017158	Rusf1
Ppapdc1a	Plpp4
5430419D17Rik	Cdcp3
1700007K09Rik	Fam24b
Mettl10	Eef1akmt2
Fam175b	Abraxas2
Fam196a	Insyn2a
6430531B16Rik	Spef1l
Olfr522	Or6ae1
Olfr523	Or6f2
Olfr524	Or6b13
Cd163l1	Scart1
5830411N06Rik	Scart2
Olfr525	Or13a19
Olfr527	Or12j2
Olfr60	Or13a27
Olfr530	Or12j3
Olfr531	Or2j6
Olfr532	Or13a21
Olfr533	Or12j4
Olfr535	Or13a22
Olfr536	Or12j5
Olfr538	Or13a24
Olfr46	Or13a18
Olfr61	Or13a28
Olfr53	Or13a20
Olfr539	Or13a25
Olfr45	Or13a17
Olfr541	Or13a26
Odf3	Cimap1a
Ric8	Ric8a
Athl1	Pgghg
Pddc1	Gatd1
Gm4559	Krtap5-20
Cars	Cars1
Oraov1	LTO1
A430078G23Rik	Arhgef18
1700019B03Rik	Saxo5
C330021F23Rik	Rps23rg1
Fam155a	Nalf1
Carkd	Naxd
1700016D06Rik	Spaca7b
Gm5607	Sox1ot
Gm38671	Mir9768
4932443I19Rik	Cfap97d2
AF366264	Semp2l2a
Gm21119	Potefam3b
4930467E23Rik	Potefam3e
Gm15319	Potefam3a
Defa-rs7	Defa31
Gm10104	Defa35
Gm14851	Defa38
Gm15284	Defa30
Gm15293	Defa41
Gm15292	Defa40
Gm15299	Defa27
Defa-rs1	Defa29
Gm21002	Defa33
Gm21498	Defa36
Gm14850	Defa37
Gm7849	Defa42
Gm7861	Defa43
Gm15308	Defa32
Gm6696	Defa28
Gm15315	Defa34
AY761184	Defa39
Agpat6	Gpat4
1810011O10Rik	Tcim
Whsc1l1	Nsd3
Ppapdc1b	Plpp5
Prosc	Plpbp
Adgra3	Adgra2
Gm9731	Ccnq-ps2
Poteg	Ankrd69
Fut10	Pofut3
D8Ertd82e	Prag1
6430573F11Rik	Trmt9b
Gm5346	Adam34l
1700029J07Rik	Cfap96
LOC102636514	Hand2os1
5033428I22Rik	Hdnr
2700029M09Rik	Hpf1
Sgol2b	Sgo2b
March1	Marchf1
D130040H23Rik	Zfp781a
2310045N01Rik	Borcs8
2310045n01rik-mef2b	Mef2bl
2810428I15Rik	Rex1bd
Fam129c	Niban3
Olfr372	Or2z8
Olfr373	Or2z9
Olfr374	Or1ab2
Large	Large1
1700007B14Rik	Iqcm
Prmt10	Prmt9
Olfr370	Or10k2
Ddx39	Ddx39a
2210011C24Rik	Misp3
4930432K21Rik	Brme1
Ccdc130	Yju2b
Asna1	Get3
2310036O22Rik	Trir
Gm5741	Gng14
Olfr371	Or7c19
Gm2694	Cbln1os
Papd5	Tent4b
Fam192a	Psme3ip1
Tepp	Spmip8
Ccdc79	Terb1
Fam96b	Ciao2b
D230025D16Rik	Phaf1
4931428F04Rik	Matcap1
Lrrc29	Fbxl9
Fam65a	Ripor1
Rltpr	Carmil2
Cirh1a	Utp4
Mtss1l	Mtss2
Fuk	Fcsk
Aars	Aars1
Kars	Kars1
Tldc1	Meak7
Fam92b	Cibar2
Emc8-1190005i06rik	Gm27021
1190005I06Rik	Clmb
2810004N23Rik	Fsaf1
Pcnxl2	Pcnx2
BC021891	Map3k21
Gm17296	Tarbp1
2610044O15Rik8	Zfp1006
9230110C19Rik	Cfap300
Gm25500	Mir7650
Ccdc67	Deup1
Olfr24	Or1m1
Olfr828	Or7g16
Olfr829	Or7g17
Olfr830	Or7g18
Olfr832	Or7g19
Olfr834	Or7g12
Olfr835	Or7g20
Olfr836	Or7g21
Olfr837	Or7g22
Olfr843	Or7g25
Olfr845	Or7g27
Olfr846	Or7g28
Olfr847	Or7g29
Olfr849	Or7g30
Olfr850	Or7g31
Olfr851	Or7g32
Olfr853	Or7g33
Olfr854	Or7g34
Olfr855	Or7g35
Olfr856-ps1	Or7d12-ps1
Olfr857	Or7e166
Olfr58	Or7e165
Olfr859	Or7e168
Olfr860	Or7e169
Olfr862	Or7e170
Olfr77	Or7d10
Olfr866	Or7e173
Olfr867	Or7d11
Olfr868	Or7e174
Olfr869	Or7e175
Olfr870	Or8b12i
Olfr871	Or7h8
Olfr872	Or7e176
Olfr39	Or7d9
Olfr873	Or7e177
Olfr18	Or7e178
A230050P20Rik	Shfl
Fdx1l	Fdx2
1810026J23Rik	Timm29
Gm6484	Angptl8
Lppr2	Plppr2
LOC100049077	Gm45914
Ccdc151	Odad3
9530077C05Rik	Matcap2
Sept7	Septin7
AI414108	Igsf9b
Srpr	Srpra
Gm17365	Pate3
Gm17252	Pate1
Gm17677	Pate10
Gm17727	Pate7
D730048I06Rik	Pate6
9230110F15Rik	Pate5
Gm7257	Pate12
Gm9513	Pate11
Gm5615	Pate9
Gm17689	Pate8
A630095E13Rik	Pate14
Olfr160	Or8a1b
Olfr151	Or8a1
Olfr874	Or8b12
Olfr875	Or8b12b
Olfr876	Or8b12c
Olfr877	Or8b9
Olfr145	Or8b8
Olfr878	Or8b4
Olfr881	Or8b35
Olfr883	Or8b36
Olfr884	Or8b37
Olfr885	Or8b38
Olfr887	Or8b39
Olfr888	Or8b101
Olfr889	Or8b40
Olfr890	Or8b41
Olfr891	Or8c13
Olfr893	Or8c15
Olfr894	Or8c16
Olfr143	Or8c8
Olfr895	Or8c17
Olfr25	Or8c9
Olfr898	Or8c20
Olfr250	Or8c10
Olfr251	Or8c11
Olfr147	Or8b3
Olfr901	Or8b42
Olfr902	Or8b43
Olfr904	Or8b1b
Olfr905	Or8b1c
Olfr906	Or8b1
Olfr907	Or8b44
Olfr911-ps1	Or8b47
Olfr910	Or8b46
Olfr912	Or8b48
Olfr913	Or8b49
Olfr914	Or8b50
Olfr915	Or8b1d
Olfr916	Or8b51
Olfr917	Or8b52
Olfr918	Or8b3b
Olfr919	Or8g51
Olfr920	Or8b53
Olfr921	Or8b54
Olfr922	Or8b55
Olfr923	Or8b56
Olfr924	Or8d2
Olfr26	Or8d1
Olfr926	Or8d2b
Olfr930	Or8d23
Olfr933	Or8d1b
Olfr934	Or10d1c
Olfr935	Or8g21
Olfr146	Or8g17
Olfr936	Or8g22
Olfr937	Or8g23
Olfr938	Or8g24
Olfr27	Or8g19
Olfr943	Or8g26
Olfr944	Or8g27
Olfr1537	Or8g18
Olfr945	Or8g28
Olfr947-ps1	Or8g29
Olfr948	Or8g30
Olfr951	Or8g32
Olfr952	Or8g33
Olfr954	Or8g34
Olfr955	Or8g35
Olfr44	Or8g20
Olfr957	Or8g36
Olfr958	Or10d3
Olfr959	Or10d1
Olfr148	Or10n1
Olfr960	Or10d4b
Olfr961	Or10d4c
Olfr963	Or10d4
Olfr149	Or10d1b
Olfr965	Or8g52
Olfr150	Or8g50
Olfr967	Or8g4
Olfr968	Or8g53
Olfr969	Or8g54
Olfr970	Or8g37
Olfr971	Or8g2b
Olfr972	Or8g55
Olfr229	Or8g2
Olfr974	Or8d6
Olfr975	Or10d5
Olfr976	Or10d5j
Olfr978	Or10g7
Olfr979	Or10g9
Olfr980	Or10g9b
Olfr981	Or10g6
Olfr982	Or10s1
Olfr983	Or8b57
Olfr984	Or4d5
Olfr985	Or8d4
Olfr986	Or6x1
4931429I11Rik	Jhy
3110039I08Rik	Mir100hg
Tmem136	Tlcd5
Pvrl1	Nectin1
Pdzd3	Nherf4
H2afx	H2ax
Ccdc84	Cenatac
Atp5l	Atp5mg
Amica1	Jaml
BC049352	Smim35
1700003G13Rik	Lncbate3
AU019823	Nkapd1
1110032A03Rik	Cfap68
4833427G06Rik	Hoatz
Gm684	Pou2af3
1810046K07Rik	Pou2af2
Kdelc2	Poglut3
Wdr61	Skic8
AI118078	Tmem266
Odf3l1	Cimap1c
6030419C18Rik	Insyn1
Gramd2	Gramd2a
Vwa9	Ints14
2810417H13Rik	Pclaf
Fam96a	Ciao2a
Fam63b	Mindy2
Dyx1c1	Dnaaf4
Ccpg1os	Pierce2
Fam214a	Atosa
Ick	Cilk1
Gm3776	Gsta13
Gm10639	Gsta5
Mb21d1	Cgas
Fam46a	Tent5a
Ube2cbp	Ube3d
Dopey1	Dop1a
AF529169	Minar1
1700057G04Rik	Plscr1l1
1190002N15Rik	Dipk2a
7420426K07Rik	Prr23a4
1300017J02Rik	Inhca
Acpp	Acp3
1700080E11Rik	Nudt16l2
Vprbp	Dcaf1
Nat6	Naa80
Fam212a	Inka1
Ccdc36	Iho1
Qars	Qars1
Gm590	Fam240a
Tdgf1	Cripto
Slc22a13b-ps	Slc22a13b
Deb1	Ss18l2
Zfp651	Zbtb47
Fam198a	Gask1a
Gm21950	Btbd35f23
Gm3701	Btbd35f16
Gm3750	Btbd35f4
Gm3706	Btbd35f3
Gm14351	Btbd35f10
Gm14345	Btbd35f18
Gm21637	Spin2j
Gm14346	Btbd35f11
Gm14347	Btbd35f28
Gm10922	Btbd35f17
Gm3763	Btbd35f27
Gm14374	Btbd35f7
AU022751	Ezhip
Ppp1r3fos	Flicr
Gm14459	Ssxb15
Ssx9	Ssxb13
Gm6592	Ssxb14
Gm5634	Fthl17b
Gm14511	Fthl17c
Gm14458	Fthl17d
Fthl17	Fthl17e
Gm14499	Fthl17-ps1
Gm5635	Fthl17f
1700012L04Rik	H2al1m
Gm14501	H2al1k
Gm5132	H2al1o
Hypm	H2ap
4930557A04Rik	H2al3
Gm14483	H2al1a
Gm14475	H2al1i
Gm14477	H2al1c
Gm14474	H2al1b
Gm14484	H2al1e
Gm14479	H2al1f
Gm14476	H2al1d
Gm14482	H2al1g
Gm14478	H2al1h
Gm4906	H2al1j
2900008C10Rik	Bcor
Gm5382	H2al1n
4930578C19Rik	Dipk2b
Rp2h	Rp2
Gm4907	Tesl1
Gm10921	Btbd35f20
Gm2799	Btbd35f2
Gmcl1l	Btbd35f1
Gm21951	Btbd35f21
Gm2825	Btbd35f5
Gm2863	Btbd35f12
Gm2913	Btbd35f15
Gm2933	Btbd35f14
Gm2927	Btbd35f13
Gm6268	Ct47
2310010G23Rik	Mdrl
C330007P06Rik	Steep1
Sept6	Septin6
Btg1-ps1	Btg1b
Btg1-ps2	Btg1c
Cypt15	Cypt15-ps
Cypt14	Cypt14-ps
Gm362	Tex13c1
Gm595	Fsip2l
Olfr1320	Or11q2
Olfr1321	Or5o1
Olfr1322	Or11n2
Olfr1323	Or5bh3
Olfr1324	Or1aa2
Gm35612	Crsfirre
1700080O16Rik	Magea14
Hprt	Hprt1
C430049B03Rik	Mir503hg
Fam122b	Pabir2
Fam122c	Pabir3
Cxx1c	Rtl8c
Cxx1a	Rtl8a
Cxx1b	Rtl8b
LOC100504039	Gm53064
4930502E18Rik	Ct55
Ddx26b	Ints6l
Gm648	Ct45a
Mtap7d3	Map7d3
Gm364	Tm9sf5
4930550L24Rik	Magea13
C230004F18Rik	Cdr1os
4933402E13Rik	Magec2
1700019B21Rik	Tslrn1
3830417A13Rik	Magea9
1110012L19Rik	Eola1
BC023829	Tmem185a
Gm1141	Pasd1
Gm14685	Pwwp4a
DXBay18	Pwwp4b
Taz	Tafazzin
SlcUbl4a	Gm44504
Gm6880	Ctag2l1
Olfr1325	Or13ae2
Gm5640	Pwwp4c
Gm6890	Ctag2l2
Gm5936	Pwwp4d
Gm8787	Cfap47
Gm7173	Cfap47
4930595M18Rik	Srsf19
1600014K23Rik	Fthl17a
Gyk	Gk
5430427O19Rik	Tasl
Pet2	Dcaf8l
4932429P05Rik	Ppp4r3c2
4930415L06Rik	Ppp4r3c1
Gm44	Mageb11
LOC101055749	Gm14773
Gm5072	Mageb6b1
Gm14781	Mageb5b
F630028O10Rik	Mir223hg
Tmem28	Nalf2
Rgag4	Rtl5
Gm9112	Fam236f
1700011M02Rik	Fam236e
1700018G05Rik	Fam236c
Gm9159	Gm53177
C77370	Nexmif
Zcchc5	Rtl3
A630033H20Rik	P2ry10b
2610002M06Rik	Chmp1b2
Fam46d	Tent5d
Gm732	Wmp
Gm6377	Tasl2
4933403O08Rik	Tex16
H2afb2	H2ab2
Gm14920	H2ab1
H2afb3	H2ab3
4932411N23Rik	Dmtf1l
Diap2	Diaph2
Tmem35	Tmem35a
AV320801	Pramel3e
Pramel3	Pramel3a
Gm7903	Pramel3b
Gm5128	Pramel3c
Gm15023	Pramel3d
Prame	Pramex1
Wbp5	Tceal9
Ngfrap1	Bex3
H2bfm	H2bw2
Mum1l1	Pwwp3b
D330045A20Rik	Radx
Pih1h3b	Dnaaf6
Tex13	Tex13b
Kcne1l	Kcne5
Rgag1	Rtl9
Zcchc16	Rtl4
Gm22650	Mir3552
Tmem29	Vcf2
2210013O21Rik	Nbdy
Gm15140	Samt1d
4921511M17Rik	Samt1b
Gm10057	Samt1c
4930524N10Rik	Samt2b
A830080D01Rik	Bclaf3
Tmem27	Cltrn
Figf	Vegfd
4933400A11Rik	Capza1b
Zf12	Zfp24-ps
Gm6026	H2al2c
Gm16501	H2al2b
Gm21708	Rbmyf8
Gm4064	Rbmyf1
Gm10256	Rbmyf2
Gm10352	Rbmyf3
Gm21677	Rbmyf5
Gm21693	Rbmyf6
Gm21704	Rbmyf7
Gm3376	Rbmyf9
LOC100040786	Gm20852
Erdr1	Erdr1x
